Order ID,Email,Financial Status,Paid at,Fulfillment Status,Fulfilled at,Currency,Subtotal,Shipping,Taxes,Amount Refunded,Total,Discount Code,Discount Amount,Shipping Method,Created at,Lineitem quantity,Lineitem name,Lineitem price,Lineitem sku,Lineitem variant,Lineitem requires shipping,Lineitem taxable,Lineitem fulfillment status,Billing Name,Billing Address1,Billing Address2,Billing City,Billing Zip,Billing Province,Billing Country,Billing Phone,Shipping Name,Shipping Address1,Shipping Address2,Shipping City,Shipping Zip,Shipping Province,Shipping Country,Shipping Phone,Cancelled at,Private Notes,Channel Type,Channel Name,Channel Order Number,WA Local Tax,WA Tax,Payment Method,Payment Reference
250001,a@this.org,PAID,1/2/2025 11:46,pending,,USD,30,0,1.98,0,31.98,,0,Evergreen State Fairgrounds,1/2/2025 11:46,3,"Canada Goldenrod - Solidago lepida, bundle of 5",10,SQ5369851,,TRUE,TRUE,pending,John Smith,1234 Street St,,City,98258,WA,United States,425-535-0530,,,,,,,,,,,ONLINE,Squarespace,250001,0.03,1.95,Stripe,ch_3QcrXlKpMPwwSZJQ15LwCCDL
250002,b@what.com,PAID,1/6/2025 12:00,pending,,USD,43,0,2.84,0,45.84,,0,Evergreen State Fairgrounds,1/6/2025 12:00,1,"Evergreen Huckleberry - Vaccinium ovatum, bundle of 5",43,SQ9912388,,TRUE,TRUE,pending,Two Two,1234 Street St,,City,98223,WA,United States,425-535-0530,,,,,,,,,,,ONLINE,Squarespace,250002,0.04,2.8,Stripe,ch_3QeJfiKpMPwwSZJQ1Dac1mdT
250003,c@hi.net,PAID,1/6/2025 12:01,pending,,USD,79,0,5.22,0,84.22,,0,Evergreen State Fairgrounds,1/6/2025 12:01,1,"Oregon Sunshine - Eriophyllum lanatum, bundle of 5",10,SQ5173931,,TRUE,TRUE,pending,Three Three,1234 Street St,Apt 212,City,90000,WA,United States,425-535-0530,,,,,,,,,,,ONLINE,Squarespace,250003,0.08,5.14,Stripe,ch_3QeJfsKpMPwwSZJQ1TaUAPOs
250003,,,,,,,,,,,,,,,,1,"Henderson's Checkermallow - Sidalcea hendersonii, bundle of 5",10,SQ8965381,,TRUE,TRUE,pending,,,,,,,,,,,,,,,,,,,,,,,,,
250003,,,,,,,,,,,,,,,,1,"Menzies' Larkspur  - Delphinium menziesii, bundle of 5",29,SQ4534372,,TRUE,TRUE,pending,,,,,,,,,,,,,,,,,,,,,,,,,
250003,,,,,,,,,,,,,,,,1,"Lupine - Lupinus polyphyllus, Bundle of 5",10,SQ5811562,,TRUE,TRUE,pending,,,,,,,,,,,,,,,,,,,,,,,,,
250003,,,,,,,,,,,,,,,,1,"Vanilla Leaf - Achlys triphylla, bundle of 5",20,SQ7467987,,TRUE,TRUE,pending,,,,,,,,,,,,,,,,,,,,,,,,,
250004,hello@htis.org,PAID,1/6/2025 12:01,pending,,USD,274,0,18.06,0,292.06,,0,Evergreen State Fairgrounds,1/6/2025 12:01,2,"Inside-out Flower - Vancouveria hexandra, bundle of 5",29,SQ5677685,,TRUE,TRUE,pending,Four Four,1234 Street St,,City,90000,WA,United States,425-535-0530,,,,,,,,,,,ONLINE,Squarespace,250004,0.25,17.81,Stripe,ch_3QeJfwKpMPwwSZJQ1FfOdmfc
250004,,,,,,,,,,,,,,,,2,"Deer Fern - Blechnum spicant, bundle of 5",30,SQ4762897,,TRUE,TRUE,pending,,,,,,,,,,,,,,,,,,,,,,,,,
250004,,,,,,,,,,,,,,,,1,"Kinnikinnick - Arctostaphylos uva-ursi, bundle of 5",24,SQ3069748,,TRUE,TRUE,pending,,,,,,,,,,,,,,,,,,,,,,,,,
250004,,,,,,,,,,,,,,,,2,"Henderson's Checkermallow - Sidalcea hendersonii, bundle of 5",10,SQ8965381,,TRUE,TRUE,pending,,,,,,,,,,,,,,,,,,,,,,,,,
250004,,,,,,,,,,,,,,,,2,"Maidenhair Fern - Adiantum aleuticum, bundle of 5",31,SQ6734546,,TRUE,TRUE,pending,,,,,,,,,,,,,,,,,,,,,,,,,
250004,,,,,,,,,,,,,,,,1,"Rhododendron - Rhododendron macrophyllum, bundle of 5",50,SQ1421730,,TRUE,TRUE,pending,,,,,,,,,,,,,,,,,,,,,,,,,
250005,se@oiwer.com,PAID,1/6/2025 12:01,pending,,USD,27,0,1.79,0,28.79,,0,Evergreen State Fairgrounds,1/6/2025 12:01,1,"Goats Beard - Aruncus dioicus, bundle of 5",10,SQ3173644,,TRUE,TRUE,pending,Five Five,1234 Street St,,City,90000,WA,United States,425-535-0530,,,,,,,,,,,ONLINE,Squarespace,250005,0.03,1.76,Stripe,ch_3QeJg0KpMPwwSZJQ0ayiD5Ra
250005,,,,,,,,,,,,,,,,1,"Chokecherry - Prunus virginiana, bundle of 5",17,SQ1381395,,TRUE,TRUE,pending,,,,,,,,,,,,,,,,,,,,,,,,,
250006,jehtoiwer@fnoiwe.net,PAID,1/6/2025 12:01,pending,,USD,43,0,2.84,0,45.84,,0,Evergreen State Fairgrounds,1/6/2025 12:01,1,"Evergreen Huckleberry - Vaccinium ovatum, bundle of 5",43,SQ9912388,,TRUE,TRUE,pending,Six Six,1234 Street St,,City,90000,WA,United States,425-535-0530,,,,,,,,,,,ONLINE,Squarespace,250006,0.04,2.8,Stripe,ch_3QeJgFKpMPwwSZJQ0zub97iT
250007,jierlwk@fjkl.org,PAID,1/6/2025 12:01,pending,,USD,51,0,3.37,0,54.37,,0,Evergreen State Fairgrounds,1/6/2025 12:01,3,"Grape (Tall Oregon) - Mahonia aquifolium, bundle of 5",17,SQ3546273,,TRUE,TRUE,pending,Seven Seven,1234 Street St,,City,90000,WA,United States,425-535-0530,,,,,,,,,,,ONLINE,Squarespace,250007,0.05,3.32,Stripe,ch_3QeJgWKpMPwwSZJQ12ght5TI
250008,fnhwloiejr@nowiejrh.com,PAID,1/6/2025 12:01,pending,,USD,49,0,3.25,0,52.25,,0,Evergreen State Fairgrounds,1/6/2025 12:01,1,"Ninebark - Physocarpus capitatus, bundle of 5",17,SQ3771845,,TRUE,TRUE,pending,Eight Eight,1234 Street St,,City,90000,WA,United States,425-535-0530,,,,,,,,,,,ONLINE,Squarespace,250008,0.05,3.2,Stripe,ch_3QeJgdKpMPwwSZJQ1WKI1Hoy
250008,,,,,,,,,,,,,,,,1,"Flowering Currant (Red) - Ribes sanguineum, bundle of 5",15,SQ1111364,,TRUE,TRUE,pending,,,,,,,,,,,,,,,,,,,,,,,,,
250008,,,,,,,,,,,,,,,,1,"Serviceberry - Amelanchier alnifolia, bundle of 5",17,SQ8797151,,TRUE,TRUE,pending,,,,,,,,,,,,,,,,,,,,,,,,,
250009,lweikrj@woierj.net,PAID,1/6/2025 12:02,pending,,USD,176,0,11.64,0,187.64,,0,Evergreen State Fairgrounds,1/6/2025 12:02,1,"Sweet Gale - Myrica gale, bundle of 5",23,SQ2473841,,TRUE,TRUE,pending,Nine Nine,1234 Street St,,City,90000,WA,United States,425-535-0530,,,,,,,,,,,ONLINE,Squarespace,250009,0.18,11.46,Stripe,ch_3QeJgnKpMPwwSZJQ0fEEBVC4
250009,,,,,,,,,,,,,,,,1,"Raspberry (Blackcap) - Rubus leucodermis, bundle of 5",21,SQ8107792,,TRUE,TRUE,pending,,,,,,,,,,,,,,,,,,,,,,,,,
250009,,,,,,,,,,,,,,,,2,"Woodland Strawberry - Fragaria vesca ssp. bracteata, bundle of 5",9,SQ0735799,,TRUE,TRUE,pending,,,,,,,,,,,,,,,,,,,,,,,,,
250009,,,,,,,,,,,,,,,,1,"Ash (Oregon) - Fraxinus latifolia, bundle of 5",17,SQ0383120,,TRUE,TRUE,pending,,,,,,,,,,,,,,,,,,,,,,,,,
250009,,,,,,,,,,,,,,,,1,"Incense Cedar - Calocedrus decurrens, bundle of 5",10,SQ3083029,,TRUE,TRUE,pending,,,,,,,,,,,,,,,,,,,,,,,,,
250009,,,,,,,,,,,,,,,,1,"Red Cedar - Thuja plicata, bundle of 5",18,SQ7843259,,TRUE,TRUE,pending,,,,,,,,,,,,,,,,,,,,,,,,,
250009,,,,,,,,,,,,,,,,1,"Maple (Big Leaf ) - Acer macrophyllum, bundle of 5",18,SQ6253667,,TRUE,TRUE,pending,,,,,,,,,,,,,,,,,,,,,,,,,
250009,,,,,,,,,,,,,,,,1,"Willow (Pacific) - Salix lucida, bundle of 5",14,SQ0720881,,TRUE,TRUE,pending,,,,,,,,,,,,,,,,,,,,,,,,,
250009,,,,,,,,,,,,,,,,1,"Vanilla Leaf - Achlys triphylla, bundle of 5",20,SQ7467987,,TRUE,TRUE,pending,,,,,,,,,,,,,,,,,,,,,,,,,
250009,,,,,,,,,,,,,,,,1,"Serviceberry - Amelanchier alnifolia, bundle of 5",17,SQ8797151,,TRUE,TRUE,pending,,,,,,,,,,,,,,,,,,,,,,,,,
250010,122@woij.com,PAID,1/6/2025 12:02,pending,,USD,45,0,2.97,0,47.97,,0,Evergreen State Fairgrounds,1/6/2025 12:02,1,"Goats Beard - Aruncus dioicus, bundle of 5",10,SQ3173644,,TRUE,TRUE,pending,Ten Ten,1234 Street St,,City,90000,WA,United States,425-535-0530,,,,,,,,,,,ONLINE,Squarespace,250010,0.04,2.93,Stripe,ch_3QeJgvKpMPwwSZJQ0TMvDgpU
250010,,,,,,,,,,,,,,,,1,"Golden Current - Ribes aureum, bundle of 5",20,SQ3789242,,TRUE,TRUE,pending,,,,,,,,,,,,,,,,,,,,,,,,,
250010,,,,,,,,,,,,,,,,1,"Blue Elderberry - Sambucus cerulea, bundle of 5",15,SQ8529943,,TRUE,TRUE,pending,,,,,,,,,,,,,,,,,,,,,,,,,
250011,123@oiwer.net,PAID,1/6/2025 12:02,pending,,USD,31,0,2.05,0,33.05,,0,Evergreen State Fairgrounds,1/6/2025 12:02,1,"Ninebark - Physocarpus capitatus, bundle of 5",17,SQ3771845,,TRUE,TRUE,pending,Eleven Eleven,1234 Street St,,City,90000,WA,United States,425-535-0530,,,,,,,,,,,ONLINE,Squarespace,250011,0.03,2.02,Stripe,ch_3QeJh0KpMPwwSZJQ0i67eBBB
250011,,,,,,,,,,,,,,,,1,"Noble Fir - Abies procera, bundle of 5",14,SQ1739468,,TRUE,TRUE,pending,,,,,,,,,,,,,,,,,,,,,,,,,
250012,124@owiejr.com,PAID,1/6/2025 12:02,pending,,USD,157,0,10.36,0,167.36,,0,Evergreen State Fairgrounds,1/6/2025 12:02,2,"Blue Eyed Grass - Sisyrinchium idahoensis, bundle of 5",10,SQ4016165,,TRUE,TRUE,pending,Twelve Twelve,1234 Street St,,City,90000,WA,United States,425-535-0530,,,,,,,,,,,ONLINE,Squarespace,250012,0.15,10.21,Stripe,ch_3QeJhAKpMPwwSZJQ0K8KxK42
250012,,,,,,,,,,,,,,,,2,"Bleeding Heart - Dicentra formosa, bundle of 5",10,SQ0140496,,TRUE,TRUE,pending,,,,,,,,,,,,,,,,,,,,,,,,,
250012,,,,,,,,,,,,,,,,1,"Mock Orange - Philadelphus lewisii, bundle of 5",15,SQ9400408,,TRUE,TRUE,pending,,,,,,,,,,,,,,,,,,,,,,,,,
250012,,,,,,,,,,,,,,,,3,"Lupine - Lupinus polyphyllus, Bundle of 5",10,SQ5811562,,TRUE,TRUE,pending,,,,,,,,,,,,,,,,,,,,,,,,,
250012,,,,,,,,,,,,,,,,2,"Canada Goldenrod - Solidago lepida, bundle of 5",10,SQ5369851,,TRUE,TRUE,pending,,,,,,,,,,,,,,,,,,,,,,,,,
250012,,,,,,,,,,,,,,,,1,"Dogwood (Red Osier) - Cornus sericea, bundle of 5",18,SQ7059562,,TRUE,TRUE,pending,,,,,,,,,,,,,,,,,,,,,,,,,
250012,,,,,,,,,,,,,,,,1,"Willow (Sitka) - Salix sitchensis, bundle of 5",14,SQ7439958,,TRUE,TRUE,pending,,,,,,,,,,,,,,,,,,,,,,,,,
250012,,,,,,,,,,,,,,,,1,"Oceanspray - Holodiscus discolor, bundle of 5",20,SQ1294796,,TRUE,TRUE,pending,,,,,,,,,,,,,,,,,,,,,,,,,
250013,wiehjroi@aejjrr.com,PAID,1/6/2025 12:02,pending,,USD,550,0,36.28,0,586.28,,0,Evergreen State Fairgrounds,1/6/2025 12:02,2,"Henderson's Checkermallow - Sidalcea hendersonii, bundle of 5",10,SQ8965381,,TRUE,TRUE,pending,Thirteen Thirteen,1234 Street St,,City,90000,WA,United States,425-535-0530,,,,,,,,,,,ONLINE,Squarespace,250013,0.52,35.76,Stripe,ch_3QeJhLKpMPwwSZJQ0CO06JfO
250013,,,,,,,,,,,,,,,,2,"Blue Eyed Grass - Sisyrinchium idahoensis, bundle of 5",10,SQ4016165,,TRUE,TRUE,pending,,,,,,,,,,,,,,,,,,,,,,,,,
250013,,,,,,,,,,,,,,,,1,"False Lily of the Valley - Maianthemum dilatatum, bundle of 5",20,SQ0492754,,TRUE,TRUE,pending,,,,,,,,,,,,,,,,,,,,,,,,,
250013,,,,,,,,,,,,,,,,6,"Sword Fern - Polystichum munitum, bundle of 5",28,SQ9666907,,TRUE,TRUE,pending,,,,,,,,,,,,,,,,,,,,,,,,,
250013,,,,,,,,,,,,,,,,2,"Raspberry (Blackcap) - Rubus leucodermis, bundle of 5",21,SQ8107792,,TRUE,TRUE,pending,,,,,,,,,,,,,,,,,,,,,,,,,
250013,,,,,,,,,,,,,,,,1,"Wild Ginger - Asarum caudatum, bundle of 5",29,SQ8468161,,TRUE,TRUE,pending,,,,,,,,,,,,,,,,,,,,,,,,,
250013,,,,,,,,,,,,,,,,2,"Paper Birch - Betula papyrifera, bundle of 5",22,SQ9853716,,TRUE,TRUE,pending,,,,,,,,,,,,,,,,,,,,,,,,,
250013,,,,,,,,,,,,,,,,2,"Vanilla Leaf - Achlys triphylla, bundle of 5",20,SQ7467987,,TRUE,TRUE,pending,,,,,,,,,,,,,,,,,,,,,,,,,
250013,,,,,,,,,,,,,,,,2,"Nodding Onion - Allium cernuum, bundle of 5",8,SQ5347551,,TRUE,TRUE,pending,,,,,,,,,,,,,,,,,,,,,,,,,
250013,,,,,,,,,,,,,,,,1,"Crabapple (Pacific) - Malus fusca, bundle of 5",17,SQ9500865,,TRUE,TRUE,pending,,,,,,,,,,,,,,,,,,,,,,,,,
250013,,,,,,,,,,,,,,,,1,"Rhododendron - Rhododendron macrophyllum, bundle of 5",50,SQ1421730,,TRUE,TRUE,pending,,,,,,,,,,,,,,,,,,,,,,,,,
250013,,,,,,,,,,,,,,,,2,"Penstemon (Cascade)- Penstemon serrulatus, bundle of 5",10,SQ8790533,,TRUE,TRUE,pending,,,,,,,,,,,,,,,,,,,,,,,,,
250013,,,,,,,,,,,,,,,,2,"Violet (Blue) - Viola adunca, bundle of 5",10,SQ7252828,,TRUE,TRUE,pending,,,,,,,,,,,,,,,,,,,,,,,,,
250013,,,,,,,,,,,,,,,,3,"Lupine - Lupinus polyphyllus, Bundle of 5",10,SQ5811562,,TRUE,TRUE,pending,,,,,,,,,,,,,,,,,,,,,,,,,
250013,,,,,,,,,,,,,,,,1,"Noble Fir - Abies procera, bundle of 5",14,SQ1739468,,TRUE,TRUE,pending,,,,,,,,,,,,,,,,,,,,,,,,,
250014,eirj@weikekek.com,PAID,1/6/2025 12:02,pending,,USD,74,0,4.89,0,78.89,,0,Evergreen State Fairgrounds,1/6/2025 12:02,1,"Baldhip Rose - Rosa gymnocarpa, bundle of 5",21,SQ8173881,,TRUE,TRUE,pending,Fourteen Fourteen,1234 Street St,,City,90000,WA,United States,425-535-0530,,,,,,,,,,,ONLINE,Squarespace,250014,0.07,4.82,Stripe,ch_3QeJhQKpMPwwSZJQ0iv6qzBs
250014,,,,,,,,,,,,,,,,1,"Thimbleberry - Rubus parviflorus, bundle of 5",22,SQ6987453,,TRUE,TRUE,pending,,,,,,,,,,,,,,,,,,,,,,,,,
250014,,,,,,,,,,,,,,,,1,"Maidenhair Fern - Adiantum aleuticum, bundle of 5",31,SQ6734546,,TRUE,TRUE,pending,,,,,,,,,,,,,,,,,,,,,,,,,
250015,eikjrie@oieiei.com,PAID,1/6/2025 12:02,pending,,USD,114,0,7.52,0,121.52,,0,Evergreen State Fairgrounds,1/6/2025 12:02,2,"Lupine - Lupinus polyphyllus, Bundle of 5",10,SQ5811562,,TRUE,TRUE,pending,Fifteen Fifteen,1234 Street St,,City,90000,WA,United States,425-535-0530,,,,,,,,,,,ONLINE,Squarespace,250015,0.11,7.41,Stripe,ch_3QeJhTKpMPwwSZJQ0iOJz6kY
250015,,,,,,,,,,,,,,,,3,"Sword Fern - Polystichum munitum, bundle of 5",28,SQ9666907,,TRUE,TRUE,pending,,,,,,,,,,,,,,,,,,,,,,,,,
250015,,,,,,,,,,,,,,,,1,"Stonecrop (Oregon) - Sedum oreganum, bundle of 5",10,SQ0727114,,TRUE,TRUE,pending,,,,,,,,,,,,,,,,,,,,,,,,,
250016,ehheh@kjerhe.net,PAID,1/6/2025 12:02,pending,,USD,44,0,2.9,0,46.9,,0,Evergreen State Fairgrounds,1/6/2025 12:02,1,"Violet (Blue) - Viola adunca, bundle of 5",10,SQ7252828,,TRUE,TRUE,pending,Sixteen Sixteen,1234 Street St,,City,90000,WA,United States,425-535-0530,,,,,,,,,,,ONLINE,Squarespace,250016,0.04,2.86,Stripe,ch_3QeJhYKpMPwwSZJQ1c7CmMVq
250016,,,,,,,,,,,,,,,,1,"Kinnikinnick - Arctostaphylos uva-ursi, bundle of 5",24,SQ3069748,,TRUE,TRUE,pending,,,,,,,,,,,,,,,,,,,,,,,,,
250016,,,,,,,,,,,,,,,,1,"Blue Eyed Grass - Sisyrinchium idahoensis, bundle of 5",10,SQ4016165,,TRUE,TRUE,pending,,,,,,,,,,,,,,,,,,,,,,,,,
250017,owiiowi@nbnbn.com,PAID,1/6/2025 12:02,pending,,USD,96,0,6.35,0,102.35,,0,Evergreen State Fairgrounds,1/6/2025 12:02,1,"Evergreen Huckleberry - Vaccinium ovatum, bundle of 5",43,SQ9912388,,TRUE,TRUE,pending,One Two,1234 Street St,,City,90000,WA,United States,425-535-0530,,,,,,,,,,,ONLINE,Squarespace,250017,0.09,6.26,Stripe,ch_3QeJhcKpMPwwSZJQ0YZ7c01d
250017,,,,,,,,,,,,,,,,1,"Raspberry (Blackcap) - Rubus leucodermis, bundle of 5",21,SQ8107792,,TRUE,TRUE,pending,,,,,,,,,,,,,,,,,,,,,,,,,
250017,,,,,,,,,,,,,,,,1,"Nootka Rose - Rosa nutkana, bundle of 5",17,SQ2479290,,TRUE,TRUE,pending,,,,,,,,,,,,,,,,,,,,,,,,,
250017,,,,,,,,,,,,,,,,1,"Gooseberry (Black) -  Ribes divaricatum, bundle of 5",15,SQ3758665,,TRUE,TRUE,pending,,,,,,,,,,,,,,,,,,,,,,,,,
250018,wewe@oiweoirioi.org,PAID,1/6/2025 12:03,pending,,USD,132,0,8.72,0,140.72,,0,Evergreen State Fairgrounds,1/6/2025 12:03,1,"Sword Fern - Polystichum munitum, bundle of 5",28,SQ9666907,,TRUE,TRUE,pending,One Three,1234 Street St,,City,90000,WA,United States,425-535-0530,,,,,,,,,,,ONLINE,Squarespace,250018,0.13,8.59,Stripe,ch_3QeJhkKpMPwwSZJQ1iGhI838
250018,,,,,,,,,,,,,,,,1,"Violet (Blue) - Viola adunca, bundle of 5",10,SQ7252828,,TRUE,TRUE,pending,,,,,,,,,,,,,,,,,,,,,,,,,
250018,,,,,,,,,,,,,,,,1,"Wild Ginger - Asarum caudatum, bundle of 5",29,SQ8468161,,TRUE,TRUE,pending,,,,,,,,,,,,,,,,,,,,,,,,,
250018,,,,,,,,,,,,,,,,1,"Kinnikinnick - Arctostaphylos uva-ursi, bundle of 5",24,SQ3069748,,TRUE,TRUE,pending,,,,,,,,,,,,,,,,,,,,,,,,,
250018,,,,,,,,,,,,,,,,1,"Woodland Strawberry - Fragaria vesca ssp. bracteata, bundle of 5",9,SQ0735799,,TRUE,TRUE,pending,,,,,,,,,,,,,,,,,,,,,,,,,
250018,,,,,,,,,,,,,,,,1,"Paper Birch - Betula papyrifera, bundle of 5",22,SQ9853716,,TRUE,TRUE,pending,,,,,,,,,,,,,,,,,,,,,,,,,
250018,,,,,,,,,,,,,,,,1,"Henderson's Checkermallow - Sidalcea hendersonii, bundle of 5",10,SQ8965381,,TRUE,TRUE,pending,,,,,,,,,,,,,,,,,,,,,,,,,
250019,kjfkjfkj@iiii.com,PAID,1/6/2025 12:03,pending,,USD,87,0,5.75,0,92.75,,0,Evergreen State Fairgrounds,1/6/2025 12:03,1,"False Lily of the Valley - Maianthemum dilatatum, bundle of 5",20,SQ0492754,,TRUE,TRUE,pending,One Four,1234 Street St,,City,90000,WA,United States,425-535-0530,,,,,,,,,,,ONLINE,Squarespace,250019,0.09,5.66,Stripe,ch_3QeJhlKpMPwwSZJQ1mx1Gz6A
250019,,,,,,,,,,,,,,,,1,"Salal - Gaultheria shallon, bundle of 5",28,SQ3149595,,TRUE,TRUE,pending,,,,,,,,,,,,,,,,,,,,,,,,,
250019,,,,,,,,,,,,,,,,1,"Wild Ginger - Asarum caudatum, bundle of 5",29,SQ8468161,,TRUE,TRUE,pending,,,,,,,,,,,,,,,,,,,,,,,,,
250019,,,,,,,,,,,,,,,,1,"Violet (Blue) - Viola adunca, bundle of 5",10,SQ7252828,,TRUE,TRUE,pending,,,,,,,,,,,,,,,,,,,,,,,,,
250020,kjerkjekrj@weqqq.net,PAID,1/6/2025 12:03,pending,,USD,435,0,28.68,0,463.68,,0,Evergreen State Fairgrounds,1/6/2025 12:03,2,"Baldhip Rose - Rosa gymnocarpa, bundle of 5",21,SQ8173881,,TRUE,TRUE,pending,One Five,1234 Street St,,City,90000,WA,United States,425-535-0530,,,,,,,,,,,ONLINE,Squarespace,250020,0.4,28.28,Stripe,ch_3QeJi3KpMPwwSZJQ1ScXiqmh
250020,,,,,,,,,,,,,,,,2,"Blue Elderberry - Sambucus cerulea, bundle of 5",15,SQ8529943,,TRUE,TRUE,pending,,,,,,,,,,,,,,,,,,,,,,,,,
250020,,,,,,,,,,,,,,,,2,"Crabapple (Pacific) - Malus fusca, bundle of 5",17,SQ9500865,,TRUE,TRUE,pending,,,,,,,,,,,,,,,,,,,,,,,,,
250020,,,,,,,,,,,,,,,,2,"Rhododendron - Rhododendron macrophyllum, bundle of 5",50,SQ1421730,,TRUE,TRUE,pending,,,,,,,,,,,,,,,,,,,,,,,,,
250020,,,,,,,,,,,,,,,,4,"Violet (Blue) - Viola adunca, bundle of 5",10,SQ7252828,,TRUE,TRUE,pending,,,,,,,,,,,,,,,,,,,,,,,,,
250020,,,,,,,,,,,,,,,,2,"Red Elderberry - Sambucus racemosa, bundle of 5",22,SQ8939902,,TRUE,TRUE,pending,,,,,,,,,,,,,,,,,,,,,,,,,
250020,,,,,,,,,,,,,,,,2,"Goats Beard - Aruncus dioicus, bundle of 5",10,SQ3173644,,TRUE,TRUE,pending,,,,,,,,,,,,,,,,,,,,,,,,,
250020,,,,,,,,,,,,,,,,2,"Raspberry (Blackcap) - Rubus leucodermis, bundle of 5",21,SQ8107792,,TRUE,TRUE,pending,,,,,,,,,,,,,,,,,,,,,,,,,
250020,,,,,,,,,,,,,,,,4,"Serviceberry - Amelanchier alnifolia, bundle of 5",17,SQ8797151,,TRUE,TRUE,pending,,,,,,,,,,,,,,,,,,,,,,,,,
250020,,,,,,,,,,,,,,,,1,"Gooseberry (Black) -  Ribes divaricatum, bundle of 5",15,SQ3758665,,TRUE,TRUE,pending,,,,,,,,,,,,,,,,,,,,,,,,,
250021,popopo@kjkjkj.com,PAID,1/6/2025 12:03,pending,,USD,43,0,2.84,0,45.84,,0,Evergreen State Fairgrounds,1/6/2025 12:03,1,"Salal - Gaultheria shallon, bundle of 5",28,SQ3149595,,TRUE,TRUE,pending,One Six,1234 Street St,,City,90000,WA,United States,425-535-0530,,,,,,,,,,,ONLINE,Squarespace,250021,0.04,2.8,Stripe,ch_3QeJi6KpMPwwSZJQ1IpUJu1n
250021,,,,,,,,,,,,,,,,1,"Blue Elderberry - Sambucus cerulea, bundle of 5",15,SQ8529943,,TRUE,TRUE,pending,,,,,,,,,,,,,,,,,,,,,,,,,
250022,asasfdf@kkkkllll.com,PAID,1/6/2025 12:03,pending,,USD,91,0,6.02,0,97.02,,0,Evergreen State Fairgrounds,1/6/2025 12:03,1,"Lupine - Lupinus polyphyllus, Bundle of 5",10,SQ5811562,,TRUE,TRUE,pending,One Seven,1234 Street St,,City,90000,WA,United States,425-535-0530,,,,,,,,,,,ONLINE,Squarespace,250022,0.09,5.93,Stripe,ch_3QeJi7KpMPwwSZJQ1x8HQ6Co
250022,,,,,,,,,,,,,,,,1,"Violet (Blue) - Viola adunca, bundle of 5",10,SQ7252828,,TRUE,TRUE,pending,,,,,,,,,,,,,,,,,,,,,,,,,
250022,,,,,,,,,,,,,,,,1,"Bleeding Heart - Dicentra formosa, bundle of 5",10,SQ0140496,,TRUE,TRUE,pending,,,,,,,,,,,,,,,,,,,,,,,,,
250022,,,,,,,,,,,,,,,,1,"Nootka Rose - Rosa nutkana, bundle of 5",17,SQ2479290,,TRUE,TRUE,pending,,,,,,,,,,,,,,,,,,,,,,,,,
250022,,,,,,,,,,,,,,,,1,"Menzies' Larkspur  - Delphinium menziesii, bundle of 5",29,SQ4534372,,TRUE,TRUE,pending,,,,,,,,,,,,,,,,,,,,,,,,,
250022,,,,,,,,,,,,,,,,1,"Blue Elderberry - Sambucus cerulea, bundle of 5",15,SQ8529943,,TRUE,TRUE,pending,,,,,,,,,,,,,,,,,,,,,,,,,
250023,fdfdfdf@nnnn.org,PAID,1/6/2025 12:03,pending,,USD,231,0,15.25,0,246.25,,0,Evergreen State Fairgrounds,1/6/2025 12:03,1,"Woodland Strawberry - Fragaria vesca ssp. bracteata, bundle of 5",9,SQ0735799,,TRUE,TRUE,pending,One Eight,1234 Street St,,City,90000,WA,United States,425-535-0530,,,,,,,,,,,ONLINE,Squarespace,250023,0.22,15.03,Stripe,ch_3QeJiCKpMPwwSZJQ1LQpv22x
250023,,,,,,,,,,,,,,,,2,"Henderson's Checkermallow - Sidalcea hendersonii, bundle of 5",10,SQ8965381,,TRUE,TRUE,pending,,,,,,,,,,,,,,,,,,,,,,,,,
250023,,,,,,,,,,,,,,,,1,"Kinnikinnick - Arctostaphylos uva-ursi, bundle of 5",24,SQ3069748,,TRUE,TRUE,pending,,,,,,,,,,,,,,,,,,,,,,,,,
250023,,,,,,,,,,,,,,,,3,"Wild Ginger - Asarum caudatum, bundle of 5",29,SQ8468161,,TRUE,TRUE,pending,,,,,,,,,,,,,,,,,,,,,,,,,
250023,,,,,,,,,,,,,,,,1,"Oceanspray - Holodiscus discolor, bundle of 5",20,SQ1294796,,TRUE,TRUE,pending,,,,,,,,,,,,,,,,,,,,,,,,,
250023,,,,,,,,,,,,,,,,1,"Evergreen Huckleberry - Vaccinium ovatum, bundle of 5",43,SQ9912388,,TRUE,TRUE,pending,,,,,,,,,,,,,,,,,,,,,,,,,
250023,,,,,,,,,,,,,,,,1,"Salal - Gaultheria shallon, bundle of 5",28,SQ3149595,,TRUE,TRUE,pending,,,,,,,,,,,,,,,,,,,,,,,,,
250024,weiwiwiwi@sssddd.org,PAID,1/6/2025 12:03,pending,,USD,30,0,1.98,0,31.98,,0,Evergreen State Fairgrounds,1/6/2025 12:03,1,"Golden Current - Ribes aureum, bundle of 5",20,SQ3789242,,TRUE,TRUE,pending,One Nine,1234 Street St,,City,90000,WA,United States,425-535-0530,,,,,,,,,,,ONLINE,Squarespace,250024,0.03,1.95,Stripe,ch_3QeJiHKpMPwwSZJQ19UaFRaf
250024,,,,,,,,,,,,,,,,1,"Henderson's Checkermallow - Sidalcea hendersonii, bundle of 5",10,SQ8965381,,TRUE,TRUE,pending,,,,,,,,,,,,,,,,,,,,,,,,,
250025,wlkeijroiuuu@uyuyiei.com,PAID,1/6/2025 12:03,pending,,USD,413,0,27.24,0,440.24,,0,Evergreen State Fairgrounds,1/6/2025 12:03,10,"Sword Fern - Polystichum munitum, bundle of 5",28,SQ9666907,,TRUE,TRUE,pending,One Ten,1234 Street St,,City,90000,WA,United States,425-535-0530,,,,,,,,,,,ONLINE,Squarespace,250025,0.38,26.86,Stripe,ch_3QeJiKKpMPwwSZJQ0HvclG1i
250025,,,,,,,,,,,,,,,,1,"Blue Elderberry - Sambucus cerulea, bundle of 5",15,SQ8529943,,TRUE,TRUE,pending,,,,,,,,,,,,,,,,,,,,,,,,,
250025,,,,,,,,,,,,,,,,1,"Violet (Blue) - Viola adunca, bundle of 5",10,SQ7252828,,TRUE,TRUE,pending,,,,,,,,,,,,,,,,,,,,,,,,,
250025,,,,,,,,,,,,,,,,1,"Crabapple (Pacific) - Malus fusca, bundle of 5",17,SQ9500865,,TRUE,TRUE,pending,,,,,,,,,,,,,,,,,,,,,,,,,
250025,,,,,,,,,,,,,,,,1,"Kinnikinnick - Arctostaphylos uva-ursi, bundle of 5",24,SQ3069748,,TRUE,TRUE,pending,,,,,,,,,,,,,,,,,,,,,,,,,
250025,,,,,,,,,,,,,,,,1,"Oregon Sunshine - Eriophyllum lanatum, bundle of 5",10,SQ5173931,,TRUE,TRUE,pending,,,,,,,,,,,,,,,,,,,,,,,,,
250025,,,,,,,,,,,,,,,,2,"Flowering Currant (Red) - Ribes sanguineum, bundle of 5",15,SQ1111364,,TRUE,TRUE,pending,,,,,,,,,,,,,,,,,,,,,,,,,
250025,,,,,,,,,,,,,,,,1,"Osoberry - Oemleria cerasiformis, bundle of 5",17,SQ9018138,,TRUE,TRUE,pending,,,,,,,,,,,,,,,,,,,,,,,,,
250025,,,,,,,,,,,,,,,,1,"Pearly Everlasting - Anaphalis margaritacea, bundle of 5",10,SQ3927159,,TRUE,TRUE,pending,,,,,,,,,,,,,,,,,,,,,,,,,
250026,zaaaa@kjkfj.com,PAID,1/6/2025 12:03,pending,,USD,170,0,11.23,0,181.23,,0,Evergreen State Fairgrounds,1/6/2025 12:03,1,"Giant Sequoia - Sequoiadendron giganteum, bundle of 5",20,SQ6496121,,TRUE,TRUE,pending,One Eleven,1234 Street St,,City,90000,WA,United States,425-535-0530,,,,,,,,,,,ONLINE,Squarespace,250026,0.16,11.07,Stripe,ch_3QeJiNKpMPwwSZJQ1FxKZ0UX
250026,,,,,,,,,,,,,,,,1,"Mock Orange - Philadelphus lewisii, bundle of 5",15,SQ9400408,,TRUE,TRUE,pending,,,,,,,,,,,,,,,,,,,,,,,,,
250026,,,,,,,,,,,,,,,,1,"Blue Elderberry - Sambucus cerulea, bundle of 5",15,SQ8529943,,TRUE,TRUE,pending,,,,,,,,,,,,,,,,,,,,,,,,,
250026,,,,,,,,,,,,,,,,1,"Menzies' Larkspur  - Delphinium menziesii, bundle of 5",29,SQ4534372,,TRUE,TRUE,pending,,,,,,,,,,,,,,,,,,,,,,,,,
250026,,,,,,,,,,,,,,,,1,"Inside-out Flower - Vancouveria hexandra, bundle of 5",29,SQ5677685,,TRUE,TRUE,pending,,,,,,,,,,,,,,,,,,,,,,,,,
250026,,,,,,,,,,,,,,,,1,"Port Orford Cedar - Chamaecyprais lawsoniana, bundle of 5",10,SQ1718000,,TRUE,TRUE,pending,,,,,,,,,,,,,,,,,,,,,,,,,
250026,,,,,,,,,,,,,,,,1,"Red Elderberry - Sambucus racemosa, bundle of 5",22,SQ8939902,,TRUE,TRUE,pending,,,,,,,,,,,,,,,,,,,,,,,,,
250026,,,,,,,,,,,,,,,,1,"Henderson's Checkermallow - Sidalcea hendersonii, bundle of 5",10,SQ8965381,,TRUE,TRUE,pending,,,,,,,,,,,,,,,,,,,,,,,,,
250026,,,,,,,,,,,,,,,,1,"Vanilla Leaf - Achlys triphylla, bundle of 5",20,SQ7467987,,TRUE,TRUE,pending,,,,,,,,,,,,,,,,,,,,,,,,,
250027,wewweww@nknknkn.com,PAID,1/6/2025 12:03,pending,,USD,120,0,7.92,0,127.92,,0,Evergreen State Fairgrounds,1/6/2025 12:03,1,"Vanilla Leaf - Achlys triphylla, bundle of 5",20,SQ7467987,,TRUE,TRUE,pending,One Twelve,1234 Street St,,City,90000,WA,United States,425-535-0530,,,,,,,,,,,ONLINE,Squarespace,250027,0.11,7.81,Stripe,ch_3QeJiPKpMPwwSZJQ0GdPrDid
250027,,,,,,,,,,,,,,,,1,"Grape (Tall Oregon) - Mahonia aquifolium, bundle of 5",17,SQ3546273,,TRUE,TRUE,pending,,,,,,,,,,,,,,,,,,,,,,,,,
250027,,,,,,,,,,,,,,,,1,"Mock Orange - Philadelphus lewisii, bundle of 5",15,SQ9400408,,TRUE,TRUE,pending,,,,,,,,,,,,,,,,,,,,,,,,,
250027,,,,,,,,,,,,,,,,1,"Kinnikinnick - Arctostaphylos uva-ursi, bundle of 5",24,SQ3069748,,TRUE,TRUE,pending,,,,,,,,,,,,,,,,,,,,,,,,,
250027,,,,,,,,,,,,,,,,2,"Sitka Spruce - Picea sitchensis, bundle of 5",8,SQ5171494,,TRUE,TRUE,pending,,,,,,,,,,,,,,,,,,,,,,,,,
250027,,,,,,,,,,,,,,,,1,"Salal - Gaultheria shallon, bundle of 5",28,SQ3149595,,TRUE,TRUE,pending,,,,,,,,,,,,,,,,,,,,,,,,,
250028,poiujweoiuwer@nknknknk.com,PAID,1/6/2025 12:03,pending,,USD,236,0,15.57,0,251.57,,0,Evergreen State Fairgrounds,1/6/2025 12:03,2,"Baldhip Rose - Rosa gymnocarpa, bundle of 5",21,SQ8173881,,TRUE,TRUE,pending,One Thirteen,1234 Street St,,City,90000,WA,United States,425-535-0530,,,,,,,,,,,ONLINE,Squarespace,250028,0.21,15.36,Stripe,ch_3QeJiQKpMPwwSZJQ1kPeMMNf
250028,,,,,,,,,,,,,,,,2,"Salal - Gaultheria shallon, bundle of 5",28,SQ3149595,,TRUE,TRUE,pending,,,,,,,,,,,,,,,,,,,,,,,,,
250028,,,,,,,,,,,,,,,,1,"Blue Elderberry - Sambucus cerulea, bundle of 5",15,SQ8529943,,TRUE,TRUE,pending,,,,,,,,,,,,,,,,,,,,,,,,,
250028,,,,,,,,,,,,,,,,1,"Golden Current - Ribes aureum, bundle of 5",20,SQ3789242,,TRUE,TRUE,pending,,,,,,,,,,,,,,,,,,,,,,,,,
250028,,,,,,,,,,,,,,,,1,"Nootka Rose - Rosa nutkana, bundle of 5",17,SQ2479290,,TRUE,TRUE,pending,,,,,,,,,,,,,,,,,,,,,,,,,
250028,,,,,,,,,,,,,,,,1,"Douglas Fir - Pseudotsuga menziesii, bundle of 5",14,SQ6061314,,TRUE,TRUE,pending,,,,,,,,,,,,,,,,,,,,,,,,,
250028,,,,,,,,,,,,,,,,1,"Evergreen Huckleberry - Vaccinium ovatum, bundle of 5",43,SQ9912388,,TRUE,TRUE,pending,,,,,,,,,,,,,,,,,,,,,,,,,
250028,,,,,,,,,,,,,,,,1,"Noble Fir - Abies procera, bundle of 5",14,SQ1739468,,TRUE,TRUE,pending,,,,,,,,,,,,,,,,,,,,,,,,,
250028,,,,,,,,,,,,,,,,1,"Flowering Currant (Red) - Ribes sanguineum, bundle of 5",15,SQ1111364,,TRUE,TRUE,pending,,,,,,,,,,,,,,,,,,,,,,,,,
250029,ewkjejkerjkerj@jkejkjke.com,PAID,1/6/2025 12:03,pending,,USD,35,0,2.31,0,37.31,,0,Evergreen State Fairgrounds,1/6/2025 12:03,1,"Blue Elderberry - Sambucus cerulea, bundle of 5",15,SQ8529943,,TRUE,TRUE,pending,One Fourteen,1234 Street St,,City,90000,WA,United States,425-535-0530,,,,,,,,,,,ONLINE,Squarespace,250029,0.03,2.28,Stripe,ch_3QeJiQKpMPwwSZJQ0TL3aAcG
250029,,,,,,,,,,,,,,,,1,"Golden Current - Ribes aureum, bundle of 5",20,SQ3789242,,TRUE,TRUE,pending,,,,,,,,,,,,,,,,,,,,,,,,,
250030,3234@2343242.com,PAID,1/6/2025 12:03,pending,,USD,82,0,5.42,0,87.42,,0,Evergreen State Fairgrounds,1/6/2025 12:03,1,"Wild Ginger - Asarum caudatum, bundle of 5",29,SQ8468161,,TRUE,TRUE,pending,One Fifteen,1234 Street St,,City,90000,WA,United States,425-535-0530,,,,,,,,,,,ONLINE,Squarespace,250030,0.08,5.34,Stripe,ch_3QeJiSKpMPwwSZJQ1RR4SDcP
250030,,,,,,,,,,,,,,,,1,"Evergreen Huckleberry - Vaccinium ovatum, bundle of 5",43,SQ9912388,,TRUE,TRUE,pending,,,,,,,,,,,,,,,,,,,,,,,,,
250030,,,,,,,,,,,,,,,,1,"Blue Eyed Grass - Sisyrinchium idahoensis, bundle of 5",10,SQ4016165,,TRUE,TRUE,pending,,,,,,,,,,,,,,,,,,,,,,,,,
250031,232323@8989898.com,PAID,1/6/2025 12:03,pending,,USD,74,0,4.89,0,78.89,,0,Evergreen State Fairgrounds,1/6/2025 12:03,1,"Grand Fir - Abies grandis, bundle of 5",8,SQ3684075,,TRUE,TRUE,pending,One Sixteen,1234 Street St,,City,90000,WA,United States,425-535-0530,,,,,,,,,,,ONLINE,Squarespace,250031,0.08,4.81,Stripe,ch_3QeJiVKpMPwwSZJQ0dDR82zh
250031,,,,,,,,,,,,,,,,2,"Incense Cedar - Calocedrus decurrens, bundle of 5",10,SQ3083029,,TRUE,TRUE,pending,,,,,,,,,,,,,,,,,,,,,,,,,
250031,,,,,,,,,,,,,,,,1,"Red Cedar - Thuja plicata, bundle of 5",18,SQ7843259,,TRUE,TRUE,pending,,,,,,,,,,,,,,,,,,,,,,,,,
250031,,,,,,,,,,,,,,,,1,"Sitka Spruce - Picea sitchensis, bundle of 5",8,SQ5171494,,TRUE,TRUE,pending,,,,,,,,,,,,,,,,,,,,,,,,,
250031,,,,,,,,,,,,,,,,2,"Port Orford Cedar - Chamaecyprais lawsoniana, bundle of 5",10,SQ1718000,,TRUE,TRUE,pending,,,,,,,,,,,,,,,,,,,,,,,,,
250032,23434234234@333.com,PAID,1/6/2025 12:03,pending,,USD,72,0,4.75,0,76.75,,0,Evergreen State Fairgrounds,1/6/2025 12:03,1,"Kinnikinnick - Arctostaphylos uva-ursi, bundle of 5",24,SQ3069748,,TRUE,TRUE,pending,One Seventeen,1234 Street St,,City,90000,WA,United States,425-535-0530,,,,,,,,,,,ONLINE,Squarespace,250032,0.07,4.68,Stripe,ch_3QeJiWKpMPwwSZJQ0Y8W8Rj8
250032,,,,,,,,,,,,,,,,1,"Salal - Gaultheria shallon, bundle of 5",28,SQ3149595,,TRUE,TRUE,pending,,,,,,,,,,,,,,,,,,,,,,,,,
250032,,,,,,,,,,,,,,,,1,"Blue Eyed Grass - Sisyrinchium idahoensis, bundle of 5",10,SQ4016165,,TRUE,TRUE,pending,,,,,,,,,,,,,,,,,,,,,,,,,
250032,,,,,,,,,,,,,,,,1,"Penstemon (Cascade)- Penstemon serrulatus, bundle of 5",10,SQ8790533,,TRUE,TRUE,pending,,,,,,,,,,,,,,,,,,,,,,,,,
250033,87987987@kjkjkj.com,PAID,1/6/2025 12:03,pending,,USD,73,0,4.82,0,77.82,,0,Evergreen State Fairgrounds,1/6/2025 12:03,1,"Sea Thrift - Armeria maritima, bundle of 5",10,SQ0633882,,TRUE,TRUE,pending,One Eighteen,1234 Street St,,City,90000,WA,United States,425-535-0530,,,,,,,,,,,ONLINE,Squarespace,250033,0.07,4.75,Stripe,ch_3QeJiXKpMPwwSZJQ0lSG57Mt
250033,,,,,,,,,,,,,,,,1,"Henderson's Checkermallow - Sidalcea hendersonii, bundle of 5",10,SQ8965381,,TRUE,TRUE,pending,,,,,,,,,,,,,,,,,,,,,,,,,
250033,,,,,,,,,,,,,,,,1,"Kinnikinnick - Arctostaphylos uva-ursi, bundle of 5",24,SQ3069748,,TRUE,TRUE,pending,,,,,,,,,,,,,,,,,,,,,,,,,
250033,,,,,,,,,,,,,,,,1,"Lupine - Lupinus polyphyllus, Bundle of 5",10,SQ5811562,,TRUE,TRUE,pending,,,,,,,,,,,,,,,,,,,,,,,,,
250033,,,,,,,,,,,,,,,,1,"Woodland Strawberry - Fragaria vesca ssp. bracteata, bundle of 5",9,SQ0735799,,TRUE,TRUE,pending,,,,,,,,,,,,,,,,,,,,,,,,,
250033,,,,,,,,,,,,,,,,1,"Canada Goldenrod - Solidago lepida, bundle of 5",10,SQ5369851,,TRUE,TRUE,pending,,,,,,,,,,,,,,,,,,,,,,,,,
250034,aswerwawer@bbbb.com,PAID,1/6/2025 12:03,pending,,USD,92,0,6.08,0,98.08,,0,Evergreen State Fairgrounds,1/6/2025 12:03,1,"Salal - Gaultheria shallon, bundle of 5",28,SQ3149595,,TRUE,TRUE,pending,One Nineteen,1234 Street St,,City,90000,WA,United States,425-535-0530,,,,,,,,,,,ONLINE,Squarespace,250034,0.09,5.99,Stripe,ch_3QeJiYKpMPwwSZJQ02zDnUgY
250034,,,,,,,,,,,,,,,,1,"Wild Ginger - Asarum caudatum, bundle of 5",29,SQ8468161,,TRUE,TRUE,pending,,,,,,,,,,,,,,,,,,,,,,,,,
250034,,,,,,,,,,,,,,,,1,"Flowering Currant (Red) - Ribes sanguineum, bundle of 5",15,SQ1111364,,TRUE,TRUE,pending,,,,,,,,,,,,,,,,,,,,,,,,,
250034,,,,,,,,,,,,,,,,1,"Lupine - Lupinus polyphyllus, Bundle of 5",10,SQ5811562,,TRUE,TRUE,pending,,,,,,,,,,,,,,,,,,,,,,,,,
250034,,,,,,,,,,,,,,,,1,"Pearly Everlasting - Anaphalis margaritacea, bundle of 5",10,SQ3927159,,TRUE,TRUE,pending,,,,,,,,,,,,,,,,,,,,,,,,,
250035,ttttttt@kkkkkkk.com,PAID,1/6/2025 12:03,pending,,USD,125,0,8.25,0,133.25,,0,Evergreen State Fairgrounds,1/6/2025 12:03,2,"Wild Ginger - Asarum caudatum, bundle of 5",29,SQ8468161,,TRUE,TRUE,pending,One Twenty,1234 Street St,,City,90000,WA,United States,425-535-0530,,,,,,,,,,,ONLINE,Squarespace,250035,0.12,8.13,Stripe,ch_3QeJibKpMPwwSZJQ0nk3sYEL
250035,,,,,,,,,,,,,,,,1,"Blue Eyed Grass - Sisyrinchium idahoensis, bundle of 5",10,SQ4016165,,TRUE,TRUE,pending,,,,,,,,,,,,,,,,,,,,,,,,,
250035,,,,,,,,,,,,,,,,1,"Lupine - Lupinus polyphyllus, Bundle of 5",10,SQ5811562,,TRUE,TRUE,pending,,,,,,,,,,,,,,,,,,,,,,,,,
250035,,,,,,,,,,,,,,,,1,"Chokecherry - Prunus virginiana, bundle of 5",17,SQ1381395,,TRUE,TRUE,pending,,,,,,,,,,,,,,,,,,,,,,,,,
250035,,,,,,,,,,,,,,,,1,"Oceanspray - Holodiscus discolor, bundle of 5",20,SQ1294796,,TRUE,TRUE,pending,,,,,,,,,,,,,,,,,,,,,,,,,
250035,,,,,,,,,,,,,,,,1,"Henderson's Checkermallow - Sidalcea hendersonii, bundle of 5",10,SQ8965381,,TRUE,TRUE,pending,,,,,,,,,,,,,,,,,,,,,,,,,
250036,wwwww@nnnnnnnnn.com,PAID,1/6/2025 12:04,pending,,USD,62,0,4.09,0,66.09,,0,Evergreen State Fairgrounds,1/6/2025 12:04,1,"Grand Fir - Abies grandis, bundle of 5",8,SQ3684075,,TRUE,TRUE,pending,Two One,1234 Street St,,City,90000,WA,United States,425-535-0530,,,,,,,,,,,ONLINE,Squarespace,250036,0.06,4.03,Stripe,ch_3QeJijKpMPwwSZJQ1R7uULM7
250036,,,,,,,,,,,,,,,,1,"Red Cedar - Thuja plicata, bundle of 5",18,SQ7843259,,TRUE,TRUE,pending,,,,,,,,,,,,,,,,,,,,,,,,,
250036,,,,,,,,,,,,,,,,1,"Pearly Everlasting - Anaphalis margaritacea, bundle of 5",10,SQ3927159,,TRUE,TRUE,pending,,,,,,,,,,,,,,,,,,,,,,,,,
250036,,,,,,,,,,,,,,,,1,"Incense Cedar - Calocedrus decurrens, bundle of 5",10,SQ3083029,,TRUE,TRUE,pending,,,,,,,,,,,,,,,,,,,,,,,,,
250036,,,,,,,,,,,,,,,,1,"Hemlock - Tsuga heterophylla, bundle of 5",16,SQ0268299,,TRUE,TRUE,pending,,,,,,,,,,,,,,,,,,,,,,,,,
250037,ttttttt@iiiiiiiii.org,PAID,1/6/2025 12:04,pending,,USD,153,0,10.1,0,163.1,,0,Evergreen State Fairgrounds,1/6/2025 12:04,1,"Dogwood (Red Osier) - Cornus sericea, bundle of 5",18,SQ7059562,,TRUE,TRUE,pending,Two Three,1234 Street St,,City,90000,WA,United States,425-535-0530,,,,,,,,,,,ONLINE,Squarespace,250037,0.15,9.95,Stripe,ch_3QeJimKpMPwwSZJQ0QVgg6YE
250037,,,,,,,,,,,,,,,,1,"Sword Fern - Polystichum munitum, bundle of 5",28,SQ9666907,,TRUE,TRUE,pending,,,,,,,,,,,,,,,,,,,,,,,,,
250037,,,,,,,,,,,,,,,,1,"Salmonberry - Rubus spectabilis, bundle of 5",17,SQ3998243,,TRUE,TRUE,pending,,,,,,,,,,,,,,,,,,,,,,,,,
250037,,,,,,,,,,,,,,,,2,"Nootka Rose - Rosa nutkana, bundle of 5",17,SQ2479290,,TRUE,TRUE,pending,,,,,,,,,,,,,,,,,,,,,,,,,
250037,,,,,,,,,,,,,,,,1,"Henderson's Checkermallow - Sidalcea hendersonii, bundle of 5",10,SQ8965381,,TRUE,TRUE,pending,,,,,,,,,,,,,,,,,,,,,,,,,
250037,,,,,,,,,,,,,,,,1,"Kinnikinnick - Arctostaphylos uva-ursi, bundle of 5",24,SQ3069748,,TRUE,TRUE,pending,,,,,,,,,,,,,,,,,,,,,,,,,
250037,,,,,,,,,,,,,,,,1,"Red Elderberry - Sambucus racemosa, bundle of 5",22,SQ8939902,,TRUE,TRUE,pending,,,,,,,,,,,,,,,,,,,,,,,,,
250038,232222222@nnnnnnnn.com,PAID,1/6/2025 12:04,pending,,USD,131,0,8.65,0,139.65,,0,Evergreen State Fairgrounds,1/6/2025 12:04,2,"Lupine - Lupinus polyphyllus, Bundle of 5",10,SQ5811562,,TRUE,TRUE,pending,Two Four,1234 Street St,,City,90000,WA,United States,425-535-0530,,,,,,,,,,,ONLINE,Squarespace,250038,0.13,8.52,Stripe,ch_3QeJioKpMPwwSZJQ1XIcMzCm
250038,,,,,,,,,,,,,,,,1,"Larch - Larix occidentalis, bundle of 5",18,SQ6236336,,TRUE,TRUE,pending,,,,,,,,,,,,,,,,,,,,,,,,,
250038,,,,,,,,,,,,,,,,2,"Woodland Strawberry - Fragaria vesca ssp. bracteata, bundle of 5",9,SQ0735799,,TRUE,TRUE,pending,,,,,,,,,,,,,,,,,,,,,,,,,
250038,,,,,,,,,,,,,,,,3,"Sea Thrift - Armeria maritima, bundle of 5",10,SQ0633882,,TRUE,TRUE,pending,,,,,,,,,,,,,,,,,,,,,,,,,
250038,,,,,,,,,,,,,,,,1,"Gooseberry (Black) -  Ribes divaricatum, bundle of 5",15,SQ3758665,,TRUE,TRUE,pending,,,,,,,,,,,,,,,,,,,,,,,,,
250038,,,,,,,,,,,,,,,,3,"Blue Eyed Grass - Sisyrinchium idahoensis, bundle of 5",10,SQ4016165,,TRUE,TRUE,pending,,,,,,,,,,,,,,,,,,,,,,,,,
250039,222222@222222.org,PAID,1/6/2025 12:04,pending,,USD,208,0,13.74,0,221.74,,0,Evergreen State Fairgrounds,1/6/2025 12:04,1,"Sea Thrift - Armeria maritima, bundle of 5",10,SQ0633882,,TRUE,TRUE,pending,Two Five,1234 Street St,,City,90000,WA,United States,425-535-0530,,,,,,,,,,,ONLINE,Squarespace,250039,0.2,13.54,Stripe,ch_3QeJisKpMPwwSZJQ1G0nR511
250039,,,,,,,,,,,,,,,,1,"Raspberry (Blackcap) - Rubus leucodermis, bundle of 5",21,SQ8107792,,TRUE,TRUE,pending,,,,,,,,,,,,,,,,,,,,,,,,,
250039,,,,,,,,,,,,,,,,2,"Nodding Onion - Allium cernuum, bundle of 5",8,SQ5347551,,TRUE,TRUE,pending,,,,,,,,,,,,,,,,,,,,,,,,,
250039,,,,,,,,,,,,,,,,1,"Stonecrop (Oregon) - Sedum oreganum, bundle of 5",10,SQ0727114,,TRUE,TRUE,pending,,,,,,,,,,,,,,,,,,,,,,,,,
250039,,,,,,,,,,,,,,,,1,"Incense Cedar - Calocedrus decurrens, bundle of 5",10,SQ3083029,,TRUE,TRUE,pending,,,,,,,,,,,,,,,,,,,,,,,,,
250039,,,,,,,,,,,,,,,,1,"Grape (Tall Oregon) - Mahonia aquifolium, bundle of 5",17,SQ3546273,,TRUE,TRUE,pending,,,,,,,,,,,,,,,,,,,,,,,,,
250039,,,,,,,,,,,,,,,,1,"Deer Fern - Blechnum spicant, bundle of 5",30,SQ4762897,,TRUE,TRUE,pending,,,,,,,,,,,,,,,,,,,,,,,,,
250039,,,,,,,,,,,,,,,,1,"Salal - Gaultheria shallon, bundle of 5",28,SQ3149595,,TRUE,TRUE,pending,,,,,,,,,,,,,,,,,,,,,,,,,
250039,,,,,,,,,,,,,,,,1,"Sweet Gale - Myrica gale, bundle of 5",23,SQ2473841,,TRUE,TRUE,pending,,,,,,,,,,,,,,,,,,,,,,,,,
250039,,,,,,,,,,,,,,,,1,"Evergreen Huckleberry - Vaccinium ovatum, bundle of 5",43,SQ9912388,,TRUE,TRUE,pending,,,,,,,,,,,,,,,,,,,,,,,,,
250040,bnbnbnbn@nbnbnbn.net,PAID,1/6/2025 12:04,pending,,USD,194,0,12.78,0,206.78,,0,Evergreen State Fairgrounds,1/6/2025 12:04,5,"Larch - Larix occidentalis, bundle of 5",18,SQ6236336,,TRUE,TRUE,pending,Two Six,1234 Street St,,City,90000,WA,United States,425-535-0530,,,,,,,,,,,ONLINE,Squarespace,250040,0.17,12.61,Stripe,ch_3QeJiuKpMPwwSZJQ0f2gyGDI
250040,,,,,,,,,,,,,,,,5,"Noble Fir - Abies procera, bundle of 5",14,SQ1739468,,TRUE,TRUE,pending,,,,,,,,,,,,,,,,,,,,,,,,,
250040,,,,,,,,,,,,,,,,1,"Incense Cedar - Calocedrus decurrens, bundle of 5",10,SQ3083029,,TRUE,TRUE,pending,,,,,,,,,,,,,,,,,,,,,,,,,
250040,,,,,,,,,,,,,,,,3,"Grand Fir - Abies grandis, bundle of 5",8,SQ3684075,,TRUE,TRUE,pending,,,,,,,,,,,,,,,,,,,,,,,,,
250041,988888@kjkjkjkj.com,PAID,1/6/2025 12:04,pending,,USD,280,0,18.48,0,298.48,,0,Evergreen State Fairgrounds,1/6/2025 12:04,5,"Woodland Strawberry - Fragaria vesca ssp. bracteata, bundle of 5",9,SQ0735799,,TRUE,TRUE,pending,Two Seven,1234 Street St,,City,90000,WA,United States,425-535-0530,,,,,,,,,,,ONLINE,Squarespace,250041,0.27,18.21,Stripe,ch_3QeJiyKpMPwwSZJQ08GRu2Wi
250041,,,,,,,,,,,,,,,,5,"Pearly Everlasting - Anaphalis margaritacea, bundle of 5",10,SQ3927159,,TRUE,TRUE,pending,,,,,,,,,,,,,,,,,,,,,,,,,
250041,,,,,,,,,,,,,,,,3,"Blue Eyed Grass - Sisyrinchium idahoensis, bundle of 5",10,SQ4016165,,TRUE,TRUE,pending,,,,,,,,,,,,,,,,,,,,,,,,,
250041,,,,,,,,,,,,,,,,5,"Nodding Onion - Allium cernuum, bundle of 5",8,SQ5347551,,TRUE,TRUE,pending,,,,,,,,,,,,,,,,,,,,,,,,,
250041,,,,,,,,,,,,,,,,1,"Blue Elderberry - Sambucus cerulea, bundle of 5",15,SQ8529943,,TRUE,TRUE,pending,,,,,,,,,,,,,,,,,,,,,,,,,
250041,,,,,,,,,,,,,,,,2,"Penstemon (Cascade)- Penstemon serrulatus, bundle of 5",10,SQ8790533,,TRUE,TRUE,pending,,,,,,,,,,,,,,,,,,,,,,,,,
250041,,,,,,,,,,,,,,,,5,"Lupine - Lupinus polyphyllus, Bundle of 5",10,SQ5811562,,TRUE,TRUE,pending,,,,,,,,,,,,,,,,,,,,,,,,,
250041,,,,,,,,,,,,,,,,2,"Flowering Currant (Red) - Ribes sanguineum, bundle of 5",15,SQ1111364,,TRUE,TRUE,pending,,,,,,,,,,,,,,,,,,,,,,,,,
250042,dfdfd@dfdfd.com,PAID,1/6/2025 12:04,pending,,USD,28,0,1.84,0,29.84,,0,Evergreen State Fairgrounds,1/6/2025 12:04,1,"Noble Fir - Abies procera, bundle of 5",14,SQ1739468,,TRUE,TRUE,pending,Two Eight,1234 Street St,,City,90000,WA,United States,425-535-0530,,,,,,,,,,,ONLINE,Squarespace,250042,0.02,1.82,Stripe,ch_3QeJizKpMPwwSZJQ1y0N9KGD
250042,,,,,,,,,,,,,,,,1,"Douglas Fir - Pseudotsuga menziesii, bundle of 5",14,SQ6061314,,TRUE,TRUE,pending,,,,,,,,,,,,,,,,,,,,,,,,,
250043,234234234@234234.com,PAID,1/6/2025 12:04,pending,,USD,32,0,2.12,0,34.12,,0,Evergreen State Fairgrounds,1/6/2025 12:04,1,"Mock Orange - Philadelphus lewisii, bundle of 5",15,SQ9400408,,TRUE,TRUE,pending,Two Nine,1234 Street St,,City,90000,WA,United States,425-535-0530,,,,,,,,,,,ONLINE,Squarespace,250043,0.03,2.09,Stripe,ch_3QeJizKpMPwwSZJQ0mRjn54E
250043,,,,,,,,,,,,,,,,1,"Crabapple (Pacific) - Malus fusca, bundle of 5",17,SQ9500865,,TRUE,TRUE,pending,,,,,,,,,,,,,,,,,,,,,,,,,
250044,werwer@9888.com,PAID,1/6/2025 12:04,pending,,USD,36,0,2.37,0,38.37,,0,Evergreen State Fairgrounds,1/6/2025 12:04,1,"Douglas Fir - Pseudotsuga menziesii, bundle of 5",14,SQ6061314,,TRUE,TRUE,pending,Two Ten,1234 Street St,,City,90000,WA,United States,425-535-0530,,,,,,,,,,,ONLINE,Squarespace,250044,0.03,2.34,Stripe,ch_3QeJj0KpMPwwSZJQ0u9joZ6T
250044,,,,,,,,,,,,,,,,1,"Noble Fir - Abies procera, bundle of 5",14,SQ1739468,,TRUE,TRUE,pending,,,,,,,,,,,,,,,,,,,,,,,,,
250044,,,,,,,,,,,,,,,,1,"Grand Fir - Abies grandis, bundle of 5",8,SQ3684075,,TRUE,TRUE,pending,,,,,,,,,,,,,,,,,,,,,,,,,
250045,cvcvc@nmnmnm.com,PAID,1/6/2025 12:04,pending,,USD,71,0,4.68,0,75.68,,0,Evergreen State Fairgrounds,1/6/2025 12:04,1,"Flowering Currant (Red) - Ribes sanguineum, bundle of 5",15,SQ1111364,,TRUE,TRUE,pending,Two Eleven,1234 Street St,,City,90000,WA,United States,425-535-0530,,,,,,,,,,,ONLINE,Squarespace,250045,0.06,4.62,Stripe,ch_3QeJj3KpMPwwSZJQ00GLklUX
250045,,,,,,,,,,,,,,,,1,"Oregon Sunshine - Eriophyllum lanatum, bundle of 5",10,SQ5173931,,TRUE,TRUE,pending,,,,,,,,,,,,,,,,,,,,,,,,,
250045,,,,,,,,,,,,,,,,2,"Dogwood (Red Osier) - Cornus sericea, bundle of 5",18,SQ7059562,,TRUE,TRUE,pending,,,,,,,,,,,,,,,,,,,,,,,,,
250045,,,,,,,,,,,,,,,,1,"Canada Goldenrod - Solidago lepida, bundle of 5",10,SQ5369851,,TRUE,TRUE,pending,,,,,,,,,,,,,,,,,,,,,,,,,
250046,ddddd@nnnnnnn.org,PAID,1/6/2025 12:04,pending,,USD,102,0,6.75,0,108.75,,0,Evergreen State Fairgrounds,1/6/2025 12:04,1,"Salmonberry - Rubus spectabilis, bundle of 5",17,SQ3998243,,TRUE,TRUE,pending,Two Twelve,1234 Street St,,City,90000,WA,United States,425-535-0530,,,,,,,,,,,ONLINE,Squarespace,250046,0.11,6.64,Stripe,ch_3QeJj6KpMPwwSZJQ0iRlUHkR
250046,,,,,,,,,,,,,,,,1,"Grape (Tall Oregon) - Mahonia aquifolium, bundle of 5",17,SQ3546273,,TRUE,TRUE,pending,,,,,,,,,,,,,,,,,,,,,,,,,
250046,,,,,,,,,,,,,,,,1,"Rhododendron - Rhododendron macrophyllum, bundle of 5",50,SQ1421730,,TRUE,TRUE,pending,,,,,,,,,,,,,,,,,,,,,,,,,
250046,,,,,,,,,,,,,,,,2,"Woodland Strawberry - Fragaria vesca ssp. bracteata, bundle of 5",9,SQ0735799,,TRUE,TRUE,pending,,,,,,,,,,,,,,,,,,,,,,,,,
250047,aa@qqqq.com,PAID,1/6/2025 12:04,pending,,USD,127,0,8.38,0,135.38,,0,Evergreen State Fairgrounds,1/6/2025 12:04,1,"Penstemon (Cascade)- Penstemon serrulatus, bundle of 5",10,SQ8790533,,TRUE,TRUE,pending,Two Thirteen,1234 Street St,,City,90000,WA,United States,425-535-0530,,,,,,,,,,,ONLINE,Squarespace,250047,0.12,8.26,Stripe,ch_3QeJj9KpMPwwSZJQ1xWkZ9L6
250047,,,,,,,,,,,,,,,,1,"Grape (Tall Oregon) - Mahonia aquifolium, bundle of 5",17,SQ3546273,,TRUE,TRUE,pending,,,,,,,,,,,,,,,,,,,,,,,,,
250047,,,,,,,,,,,,,,,,2,"Lupine - Lupinus polyphyllus, Bundle of 5",10,SQ5811562,,TRUE,TRUE,pending,,,,,,,,,,,,,,,,,,,,,,,,,
250047,,,,,,,,,,,,,,,,1,"Hemlock - Tsuga heterophylla, bundle of 5",16,SQ0268299,,TRUE,TRUE,pending,,,,,,,,,,,,,,,,,,,,,,,,,
250047,,,,,,,,,,,,,,,,1,"Noble Fir - Abies procera, bundle of 5",14,SQ1739468,,TRUE,TRUE,pending,,,,,,,,,,,,,,,,,,,,,,,,,
250047,,,,,,,,,,,,,,,,1,"Rhododendron - Rhododendron macrophyllum, bundle of 5",50,SQ1421730,,TRUE,TRUE,pending,,,,,,,,,,,,,,,,,,,,,,,,,
250048,uuu@yyyyyyy.com,PAID,1/6/2025 12:04,pending,,USD,77,0,5.09,0,82.09,,0,Evergreen State Fairgrounds,1/6/2025 12:04,1,"Vanilla Leaf - Achlys triphylla, bundle of 5",20,SQ7467987,,TRUE,TRUE,pending,Two Fourteen,1234 Street St,,City,90000,WA,United States,425-535-0530,,,,,,,,,,,ONLINE,Squarespace,250048,0.08,5.01,Stripe,ch_3QeJj9KpMPwwSZJQ0Fb6905F
250048,,,,,,,,,,,,,,,,1,"Menzies' Larkspur  - Delphinium menziesii, bundle of 5",29,SQ4534372,,TRUE,TRUE,pending,,,,,,,,,,,,,,,,,,,,,,,,,
250048,,,,,,,,,,,,,,,,1,"Salal - Gaultheria shallon, bundle of 5",28,SQ3149595,,TRUE,TRUE,pending,,,,,,,,,,,,,,,,,,,,,,,,,
250049,2222222@7777777.org,PAID,1/6/2025 12:04,pending,,USD,69,0,4.56,0,73.56,,0,Evergreen State Fairgrounds,1/6/2025 12:04,1,"Lupine - Lupinus polyphyllus, Bundle of 5",10,SQ5811562,,TRUE,TRUE,pending,Two Fifteen,1234 Street St,,City,90000,WA,United States,425-535-0530,,,,,,,,,,,ONLINE,Squarespace,250049,0.07,4.49,Stripe,ch_3QeJjBKpMPwwSZJQ17BQ89TL
250049,,,,,,,,,,,,,,,,1,"Wild Ginger - Asarum caudatum, bundle of 5",29,SQ8468161,,TRUE,TRUE,pending,,,,,,,,,,,,,,,,,,,,,,,,,
250049,,,,,,,,,,,,,,,,1,"Deer Fern - Blechnum spicant, bundle of 5",30,SQ4762897,,TRUE,TRUE,pending,,,,,,,,,,,,,,,,,,,,,,,,,
250050,nbbbbbbb@mmm.com,PAID,1/6/2025 12:04,pending,,USD,70,0,4.62,0,74.62,,0,Evergreen State Fairgrounds,1/6/2025 12:04,5,"Canada Goldenrod - Solidago lepida, bundle of 5",10,SQ5369851,,TRUE,TRUE,pending,Two Sixteen,1234 Street St,,City,90000,WA,United States,425-535-0530,,,,,,,,,,,ONLINE,Squarespace,250050,0.07,4.55,Stripe,ch_3QeJjFKpMPwwSZJQ0eUttoaS
250050,,,,,,,,,,,,,,,,2,"Oregon Sunshine - Eriophyllum lanatum, bundle of 5",10,SQ5173931,,TRUE,TRUE,pending,,,,,,,,,,,,,,,,,,,,,,,,,
250051,jjjjjjjj@iiiiiiii.org,PAID,1/6/2025 12:04,pending,,USD,94,0,6.2,0,100.2,,0,Evergreen State Fairgrounds,1/6/2025 12:04,2,"Nootka Rose - Rosa nutkana, bundle of 5",17,SQ2479290,,TRUE,TRUE,pending,Two Seventeen,1234 Street St,,City,90000,WA,United States,425-535-0530,,,,,,,,,,,ONLINE,Squarespace,250051,0.09,6.11,Stripe,ch_3QeJjFKpMPwwSZJQ18A9fG7s
250051,,,,,,,,,,,,,,,,1,"Henderson's Checkermallow - Sidalcea hendersonii, bundle of 5",10,SQ8965381,,TRUE,TRUE,pending,,,,,,,,,,,,,,,,,,,,,,,,,
250051,,,,,,,,,,,,,,,,2,"Flowering Currant (Red) - Ribes sanguineum, bundle of 5",15,SQ1111364,,TRUE,TRUE,pending,,,,,,,,,,,,,,,,,,,,,,,,,
250051,,,,,,,,,,,,,,,,2,"Blue Eyed Grass - Sisyrinchium idahoensis, bundle of 5",10,SQ4016165,,TRUE,TRUE,pending,,,,,,,,,,,,,,,,,,,,,,,,,
250052,qqqqqq@hhhhhhhh.com,PAID,1/6/2025 12:04,pending,,USD,111,0,7.32,0,118.32,,0,Evergreen State Fairgrounds,1/6/2025 12:04,3,"Larch - Larix occidentalis, bundle of 5",18,SQ6236336,,TRUE,TRUE,pending,Two Eighteen,1234 Street St,,City,90000,WA,United States,425-535-0530,,,,,,,,,,,ONLINE,Squarespace,250052,0.1,7.22,Stripe,ch_3QeJjGKpMPwwSZJQ0tDMAo9k
250052,,,,,,,,,,,,,,,,1,"Grand Fir - Abies grandis, bundle of 5",8,SQ3684075,,TRUE,TRUE,pending,,,,,,,,,,,,,,,,,,,,,,,,,
250052,,,,,,,,,,,,,,,,1,"Kinnikinnick - Arctostaphylos uva-ursi, bundle of 5",24,SQ3069748,,TRUE,TRUE,pending,,,,,,,,,,,,,,,,,,,,,,,,,
250052,,,,,,,,,,,,,,,,1,"Lupine - Lupinus polyphyllus, Bundle of 5",10,SQ5811562,,TRUE,TRUE,pending,,,,,,,,,,,,,,,,,,,,,,,,,
250052,,,,,,,,,,,,,,,,1,"Blue Elderberry - Sambucus cerulea, bundle of 5",15,SQ8529943,,TRUE,TRUE,pending,,,,,,,,,,,,,,,,,,,,,,,,,
250053,jijijijij@uououou.com,PAID,1/6/2025 12:04,pending,,USD,400,0,26.37,0,426.37,,0,Evergreen State Fairgrounds,1/6/2025 12:04,2,"Woodland Strawberry - Fragaria vesca ssp. bracteata, bundle of 5",9,SQ0735799,,TRUE,TRUE,pending,Two Nineteen,1234 Street St,,City,90000,WA,United States,425-535-0530,,,,,,,,,,,ONLINE,Squarespace,250053,0.37,26,Stripe,ch_3QeJjHKpMPwwSZJQ0g7HZ0EK
250053,,,,,,,,,,,,,,,,1,"Bleeding Heart - Dicentra formosa, bundle of 5",10,SQ0140496,,TRUE,TRUE,pending,,,,,,,,,,,,,,,,,,,,,,,,,
250053,,,,,,,,,,,,,,,,8,"Kinnikinnick - Arctostaphylos uva-ursi, bundle of 5",24,SQ3069748,,TRUE,TRUE,pending,,,,,,,,,,,,,,,,,,,,,,,,,
250053,,,,,,,,,,,,,,,,5,"Oregon Sunshine - Eriophyllum lanatum, bundle of 5",10,SQ5173931,,TRUE,TRUE,pending,,,,,,,,,,,,,,,,,,,,,,,,,
250053,,,,,,,,,,,,,,,,2,"Lupine - Lupinus polyphyllus, Bundle of 5",10,SQ5811562,,TRUE,TRUE,pending,,,,,,,,,,,,,,,,,,,,,,,,,
250053,,,,,,,,,,,,,,,,2,"Blue Eyed Grass - Sisyrinchium idahoensis, bundle of 5",10,SQ4016165,,TRUE,TRUE,pending,,,,,,,,,,,,,,,,,,,,,,,,,
250053,,,,,,,,,,,,,,,,1,"Pearly Everlasting - Anaphalis margaritacea, bundle of 5",10,SQ3927159,,TRUE,TRUE,pending,,,,,,,,,,,,,,,,,,,,,,,,,
250053,,,,,,,,,,,,,,,,4,"False Lily of the Valley - Maianthemum dilatatum, bundle of 5",20,SQ0492754,,TRUE,TRUE,pending,,,,,,,,,,,,,,,,,,,,,,,,,
250054,444@555.com,PAID,1/6/2025 12:04,pending,,USD,69,0,4.55,0,73.55,,0,Evergreen State Fairgrounds,1/6/2025 12:04,1,"Blue Elderberry - Sambucus cerulea, bundle of 5",15,SQ8529943,,TRUE,TRUE,pending,Two Twenty,1234 Street St,,City,90000,WA,United States,425-535-0530,,,,,,,,,,,ONLINE,Squarespace,250054,0.05,4.5,Stripe,ch_3QeJjLKpMPwwSZJQ1m5kUoav
250054,,,,,,,,,,,,,,,,1,"Mock Orange - Philadelphus lewisii, bundle of 5",15,SQ9400408,,TRUE,TRUE,pending,,,,,,,,,,,,,,,,,,,,,,,,,
250054,,,,,,,,,,,,,,,,1,"Kinnikinnick - Arctostaphylos uva-ursi, bundle of 5",24,SQ3069748,,TRUE,TRUE,pending,,,,,,,,,,,,,,,,,,,,,,,,,
250054,,,,,,,,,,,,,,,,1,"Twinberry - Lonicera involucrata, bundle of 5",15,SQ5406817,,TRUE,TRUE,pending,,,,,,,,,,,,,,,,,,,,,,,,,
